threshold,precision,recall,f1,false_positive,false_negative,true_positive,true_negative,expected_cost
0.06,0.2747512228031709,0.9938987187309335,0.4304968287526427,4300,10,1629,6025,4350.0
0.08,0.29302577040908273,0.9920683343502136,0.4524207011686144,3923,13,1626,6402,3988.0
0.1,0.3134068485200232,0.9884075655887736,0.47591069330199764,3549,19,1620,6776,3644.0
0.12,0.3311421528348398,0.9835265405735204,0.4954664207776241,3256,27,1612,7069,3391.0
0.14,0.3474576271186441,0.975594874923734,0.5124178817497196,3003,40,1599,7322,3203.0
0.16,0.36227272727272725,0.9725442342892008,0.5279019705249214,2806,45,1594,7519,3031.0
0.18,0.37883141762452105,0.9652226967663209,0.544110060189166,2594,57,1582,7731,2879.0
0.2,0.39247445801146275,0.9609517998779744,0.5573248407643312,2438,64,1575,7887,2758.0
0.22,0.4044914816726897,0.9560707748627212,0.5684745147832396,2307,72,1567,8018,2667.0
0.24,0.41803058760397105,0.9505796217205613,0.5806932538203503,2169,81,1558,8156,2574.0
0.26,0.4298780487804878,0.9463087248322147,0.5911949685534591,2057,88,1551,8268,2497.0
0.28,0.44186712485681556,0.9414276998169616,0.6014422139933736,1949,96,1543,8376,2429.0
0.3,0.45503116651825465,0.9353264185478951,0.612220447284345,1836,106,1533,8489,2366.0
0.32,0.46960814563406356,0.9286150091519219,0.6237704918032787,1719,117,1522,8606,2304.0
0.34,0.4801145402481705,0.9206833435021354,0.6311166875784191,1634,130,1509,8691,2284.0
0.36,0.4919381375452451,0.9121415497254424,0.639162035057717,1544,144,1495,8781,2264.0
0.38,0.5001687478906514,0.9042098840756558,0.6440677966101694,1481,157,1482,8844,2266.0
0.4,0.5114662960389159,0.8981086028065893,0.65176001771087,1406,167,1472,8919,2241.0
0.42,0.5231597845601437,0.8889566809029896,0.6586799276672695,1328,182,1457,8997,2238.0
0.44,0.5365763089491273,0.8816351433801098,0.6671283471837488,1248,194,1445,9077,2218.0
0.46,0.5488692985818321,0.8737034777303234,0.6741996233521658,1177,207,1432,9148,2212.0
0.48,0.5588003157063931,0.863941427699817,0.6786484543493889,1118,223,1416,9207,2233.0
0.5,0.5685320356853204,0.8553996339231239,0.6830694275274056,1064,237,1402,9261,2249.0
0.52,0.5804694048616932,0.8450274557657108,0.6881987577639752,1001,254,1385,9324,2271.0
0.54,0.5917748917748917,0.8340451494813911,0.6923271714358066,943,272,1367,9382,2303.0
0.56,0.6034868126955745,0.823672971323978,0.6965944272445821,887,289,1350,9438,2332.0
0.58,0.6124246638850255,0.8059792556436852,0.695995785036881,836,318,1321,9489,2426.0
0.6,0.6298795180722891,0.797437461866992,0.7038233710285406,768,332,1307,9557,2428.0
0.62,0.6423940149625935,0.7858450274557657,0.7069154774972558,717,351,1288,9608,2472.0
0.64,0.656153050672182,0.7742525930445393,0.7103274559193955,665,370,1269,9660,2515.0
0.66,0.673224043715847,0.7516778523489933,0.7102911501873739,598,407,1232,9727,2633.0
0.68,0.6931949250288351,0.7333740085417938,0.7127186480877558,532,437,1202,9793,2717.0
0.7,0.704131227217497,0.7071384990848079,0.7056316590563166,487,480,1159,9838,2887.0
0.72,0.7174744897959183,0.6863941427699817,0.7015902712815716,443,514,1125,9882,3013.0
0.74,0.7345132743362832,0.6583282489322758,0.6943371943371943,390,560,1079,9935,3190.0
0.76,0.7437005039596832,0.6302623550945698,0.6822985468956407,356,606,1033,9969,3386.0
0.78,0.7556245151280062,0.5942647956070775,0.6653005464480874,315,665,974,10010,3640.0
0.8,0.7744932432432432,0.5594874923733985,0.6496634785688984,267,722,917,10058,3877.0
0.82,0.7838328792007266,0.5265405735204393,0.6299270072992701,238,776,863,10087,4118.0
0.84,0.8103277060575969,0.4978645515558267,0.6167800453514739,191,823,816,10134,4306.0
0.86,0.8340659340659341,0.46308724832214765,0.5955276579050608,151,880,759,10174,4551.0
0.88,0.8491048593350383,0.40512507626601585,0.5485336637752994,118,975,664,10207,4993.0
0.9,0.8703427719821163,0.3563148261134838,0.5056277056277056,87,1055,584,10238,5362.0
0.92,0.8888888888888888,0.28798047589993897,0.43502304147465437,59,1167,472,10266,5894.0
0.94,0.9187192118226601,0.22757779133618058,0.3647921760391198,33,1266,373,10292,6363.0
